-- phpMyAdmin SQL Dump
-- version 4.0.4.1
-- http://www.phpmyadmin.net
--
-- ä¸»æœº: 127.0.0.1
-- ç”Ÿæˆæ—¥æœŸ: 2015 å¹?12 æœ?13 æ—?16:39
-- æœåŠ¡å™¨ç‰ˆæœ¬: 5.6.11
-- PHP ç‰ˆæœ¬: 5.5.1

SET SQL_MODE = "NO_AUTO_VALUE_ON_ZERO";
SET time_zone = "+00:00";


/*!40101 SET @OLD_CHARACTER_SET_CLIENT=@@CHARACTER_SET_CLIENT */;
/*!40101 SET @OLD_CHARACTER_SET_RESULTS=@@CHARACTER_SET_RESULTS */;
/*!40101 SET @OLD_COLLATION_CONNECTION=@@COLLATION_CONNECTION */;
/*!40101 SET NAMES utf8 */;

--
-- æ•°æ®åº“: `markit`
--
CREATE DATABASE IF NOT EXISTS `markit` DEFAULT CHARACTER SET utf8 COLLATE utf8_general_ci;
USE `markit`;

-- --------------------------------------------------------

--
-- è¡¨çš„ç»“æ„ `auth_groups`
--

CREATE TABLE IF NOT EXISTS `auth_groups` (
  `id` mediumint(8) unsigned NOT NULL AUTO_INCREMENT,
  `name` varchar(20) NOT NULL,
  `description` varchar(100) NOT NULL,
  PRIMARY KEY (`id`)
) ENGINE=InnoDB  DEFAULT CHARSET=utf8 AUTO_INCREMENT=3 ;

--
-- è½¬å­˜è¡¨ä¸­çš„æ•°æ® `auth_groups`
--

INSERT INTO `auth_groups` (`id`, `name`, `description`) VALUES
(1, 'admin', 'Administrator'),
(2, 'members', 'General User');

-- --------------------------------------------------------

--
-- è¡¨çš„ç»“æ„ `auth_login_attempts`
--

CREATE TABLE IF NOT EXISTS `auth_login_attempts` (
  `id` int(11) unsigned NOT NULL AUTO_INCREMENT,
  `ip_address` varchar(15) NOT NULL,
  `login` varchar(100) NOT NULL,
  `time` int(11) unsigned DEFAULT NULL,
  PRIMARY KEY (`id`)
) ENGINE=InnoDB DEFAULT CHARSET=utf8 AUTO_INCREMENT=1 ;

-- --------------------------------------------------------

--
-- è¡¨çš„ç»“æ„ `auth_users`
--

CREATE TABLE IF NOT EXISTS `auth_users` (
  `id` int(11) unsigned NOT NULL AUTO_INCREMENT,
  `ip_address` varchar(15) NOT NULL,
  `username` varchar(100) DEFAULT NULL,
  `contribution` int(11) NOT NULL DEFAULT '0',
  `password` varchar(255) NOT NULL,
  `salt` varchar(255) DEFAULT NULL,
  `email` varchar(100) NOT NULL,
  `activation_code` varchar(40) DEFAULT NULL,
  `forgotten_password_code` varchar(40) DEFAULT NULL,
  `forgotten_password_time` int(11) unsigned DEFAULT NULL,
  `remember_code` varchar(40) DEFAULT NULL,
  `created_on` int(11) unsigned NOT NULL,
  `last_login` int(11) unsigned DEFAULT NULL,
  `active` tinyint(1) unsigned DEFAULT NULL,
  `first_name` varchar(50) DEFAULT NULL,
  `last_name` varchar(50) DEFAULT NULL,
  `company` varchar(100) DEFAULT NULL,
  `phone` varchar(20) DEFAULT NULL,
  PRIMARY KEY (`id`)
) ENGINE=InnoDB  DEFAULT CHARSET=utf8 AUTO_INCREMENT=7 ;

--
-- è½¬å­˜è¡¨ä¸­çš„æ•°æ® `auth_users`
--

INSERT INTO `auth_users` (`id`, `ip_address`, `username`, `contribution`, `password`, `salt`, `email`, `activation_code`, `forgotten_password_code`, `forgotten_password_time`, `remember_code`, `created_on`, `last_login`, `active`, `first_name`, `last_name`, `company`, `phone`) VALUES
(1, '127.0.0.1', 'administrator', 0, '$2a$07$SeBknntpZror9uyftVopmu61qg0ms8Qv1yV6FG.kQOSM.9QhmTo36', '', 'admin@admin.com', '', NULL, NULL, NULL, 1268889823, 1449581313, 1, 'Admin', 'istrator', 'ADMIN', '0'),
(2, '::1', 'å¿œ æŒ¯å¼º', 0, '$2y$08$zOn4Z7RxYamx1qw3N2bbY.BTi4o4teT0iNjwiIr4UUPF0tZ7ihFY6', NULL, 'yingzhenqiang@163.com', NULL, NULL, NULL, NULL, 1449465516, 1449581081, 1, 'æŒ¯å¼º', 'å¿œ', '', ''),
(4, '::1', 'å…³ ä¸½åª›', 0, '$2y$08$xXm59t.azWRDVnyKxRMpSeAmtwojp405M/M2dG9h73qMKAcgt6H4q', NULL, 'yingzhenqiang@gmail.com', NULL, NULL, NULL, NULL, 1449471105, NULL, 1, 'ä¸½åª›', 'å…³', '', ''),
(5, '::1', 'ç¨‹ å¾åª›', 0, '$2y$08$/RuKG3i8skFqcGVoCJAxoOObIUKA48vZKj6rhHFEKq/nmTxWsJY8C', NULL, 'chenxuyuan@163.com', NULL, NULL, NULL, NULL, 1449581421, 1449581497, 1, 'å¾åª›', 'ç¨‹', '', ''),
(6, '::1', 'w ccandcc', 0, '$2y$08$XQVLFEEFQQTYruVQbv78TuEp3dyj2HrUqb12ubfGElNQdeSnnyXru', NULL, '1272864784@qq.com', NULL, NULL, NULL, 'mu01VWPZfXDwElJmdjoek.', 1449714882, 1450021039, 1, 'ccandcc', 'w', 'pku', '88888888');

-- --------------------------------------------------------

--
-- è¡¨çš„ç»“æ„ `auth_users_groups`
--

CREATE TABLE IF NOT EXISTS `auth_users_groups` (
  `id` int(11) unsigned NOT NULL AUTO_INCREMENT,
  `user_id` int(11) unsigned NOT NULL,
  `group_id` mediumint(8) unsigned NOT NULL,
  PRIMARY KEY (`id`),
  UNIQUE KEY `uc_users_groups` (`user_id`,`group_id`),
  KEY `fk_users_groups_users1_idx` (`user_id`),
  KEY `fk_users_groups_groups1_idx` (`group_id`)
) ENGINE=InnoDB  DEFAULT CHARSET=utf8 AUTO_INCREMENT=8 ;

--
-- è½¬å­˜è¡¨ä¸­çš„æ•°æ® `auth_users_groups`
--

INSERT INTO `auth_users_groups` (`id`, `user_id`, `group_id`) VALUES
(1, 1, 1),
(2, 1, 2),
(3, 2, 2),
(5, 4, 2),
(6, 5, 2),
(7, 6, 2);

-- --------------------------------------------------------

--
-- è¡¨çš„ç»“æ„ `mark`
--

CREATE TABLE IF NOT EXISTS `mark` (
  `mark_id` int(11) NOT NULL AUTO_INCREMENT,
  `title` varchar(100) NOT NULL,
  `url` varchar(100) NOT NULL,
  `datetime` timestamp NOT NULL DEFAULT CURRENT_TIMESTAMP,
  `contributor` int(11) unsigned NOT NULL,
  `value` int(11) NOT NULL DEFAULT '0',
  `theme_id` int(11) NOT NULL,
  PRIMARY KEY (`mark_id`),
  KEY `themeid` (`theme_id`),
  KEY `contributor` (`contributor`)
) ENGINE=InnoDB  DEFAULT CHARSET=utf8 AUTO_INCREMENT=22 ;

--
-- è½¬å­˜è¡¨ä¸­çš„æ•°æ® `mark`
--

INSERT INTO `mark` (`mark_id`, `title`, `url`, `datetime`, `contributor`, `value`, `theme_id`) VALUES
(2, 'Caltech Pedestrian Detection Benchmark', 'http://www.vision.caltech.edu/Image_Datasets/CaltechPedestri', '0000-00-00 00:00:00', 2, 0, 2),
(3, 'INRIA Pedestrian Detector', 'http://ttic.uchicago.edu/~smaji/projects/ped-detector/', '2015-12-07 15:02:09', 2, 0, 2),
(4, 'Single-Pedestrian Detection aided by Mul', 'http://www.ee.cuhk.edu.hk/~wlouyang/projects/ouyangWcvpr13Mu', '2015-12-08 03:10:52', 2, 0, 2),
(5, 'Pedestrian Detection èµ„æº', 'http://www.cnblogs.com/yutenghit/archive/2012/07/03/2575261.html', '2015-12-08 03:13:25', 2, 0, 2),
(6, 'æºç  Pedestrian Detection with Spatially Pooled Features and Structured Ensemble Learning', 'https://github.com/chhshen/pedestrian-detection', '2015-12-08 03:18:59', 2, 0, 2),
(7, 'Piotr''s Computer Vision Matlab Toolbox', 'http://vision.ucsd.edu/~pdollar/toolbox/doc/', '2015-12-08 03:19:37', 2, 0, 2),
(8, 'Discriminatively trained deformable part models', 'http://www.cs.berkeley.edu/~rbg/latent/index.html', '2015-12-08 03:21:25', 2, 0, 2),
(9, 'ETH Pedestrian Dataset', 'https://data.vision.ee.ethz.ch/cvl/aess/dataset/', '2015-12-08 03:23:11', 2, 0, 2),
(10, 'IEEE Xplore Digital Library', 'http://ieeexplore.ieee.org/Xplore/home.jsp', '2015-12-08 03:23:22', 2, 0, 1),
(11, ' Springer Link', 'http://link.springer.com/', '2015-12-08 03:25:31', 2, 0, 1),
(12, 'ä¸­å›½çŸ¥ç½‘', 'http://www.cnki.net/', '2015-12-08 03:29:43', 2, 0, 1),
(13, 'KITTI:Road/Lane Detection Evaluation 2013', 'http://www.cvlibs.net/datasets/kitti/eval_road.php', '2015-12-08 06:33:02', 2, 0, 3),
(14, 'KITTI:Road/Lane Detection Evaluation 2013', 'http://www.cvlibs.net/datasets/kitti/eval_road.php', '2015-12-08 06:34:03', 2, 0, 3),
(15, 'PHP å¼€å‘è§„èŒƒ', 'http://codeigniter.org.cn/user_guide/general/styleguide.html', '2015-12-08 09:04:46', 2, 0, 5),
(16, 'åœ¨çº¿JS/CSS/HTMLå‹ç¼©', 'http://tool.oschina.net/jscompress', '2015-12-08 11:15:10', 2, 0, 4),
(17, 'åœ¨çº¿æ­£åˆ™è¡¨è¾¾å¼æµ‹è¯•', 'http://tool.oschina.net/regex', '2015-12-08 11:16:19', 2, 0, 4),
(18, 'xamppé…ç½®å±€åŸŸç½‘è®¿é—®', 'http://www.cnblogs.com/tiny-bj/p/4092715.html', '2015-12-08 12:22:08', 2, 0, 7),
(19, 'åœ¨è¿™é‡Œå†™ä¸‹ä½ çš„åé¦ˆæ„è§', '#', '2015-12-08 13:10:09', 2, 0, 8),
(21, 'Fast Zero Block Detection and Early CU Termination for HEVC Video Coding', 'http://ieeexplore.ieee.org/stamp/stamp.jsp?tp=&arnumber=6572177', '2015-12-13 01:57:40', 6, 0, 9);

-- --------------------------------------------------------

--
-- è¡¨çš„ç»“æ„ `mark_to_tag`
--

CREATE TABLE IF NOT EXISTS `mark_to_tag` (
  `mark_to_tag_id` int(11) NOT NULL AUTO_INCREMENT,
  `markid` int(11) NOT NULL,
  `tagid` int(11) NOT NULL,
  `themeid` int(11) NOT NULL,
  PRIMARY KEY (`mark_to_tag_id`)
) ENGINE=InnoDB  DEFAULT CHARSET=utf8 AUTO_INCREMENT=6 ;

--
-- è½¬å­˜è¡¨ä¸­çš„æ•°æ® `mark_to_tag`
--

INSERT INTO `mark_to_tag` (`mark_to_tag_id`, `markid`, `tagid`, `themeid`) VALUES
(1, 0, 1, 0),
(2, 21, 2, 9),
(3, 9, 3, 2),
(4, 2, 3, 2),
(5, 15, 4, 5);

-- --------------------------------------------------------

--
-- è¡¨çš„ç»“æ„ `tag`
--

CREATE TABLE IF NOT EXISTS `tag` (
  `id` int(11) NOT NULL AUTO_INCREMENT,
  `tag_name` varchar(20) NOT NULL,
  PRIMARY KEY (`id`)
) ENGINE=InnoDB  DEFAULT CHARSET=utf8 AUTO_INCREMENT=5 ;

--
-- è½¬å­˜è¡¨ä¸­çš„æ•°æ® `tag`
--

INSERT INTO `tag` (`id`, `tag_name`) VALUES
(1, 'æ— '),
(2, 'å…¨é›¶å†³ç­–'),
(3, 'æ•°æ®é›†'),
(4, 'PHP');

-- --------------------------------------------------------

--
-- è¡¨çš„ç»“æ„ `theme`
--

CREATE TABLE IF NOT EXISTS `theme` (
  `id` int(11) NOT NULL AUTO_INCREMENT,
  `theme_name` varchar(30) NOT NULL,
  `like_num` int(11) NOT NULL DEFAULT '0',
  `create_time` timestamp NOT NULL DEFAULT CURRENT_TIMESTAMP,
  `mark_num` int(11) unsigned NOT NULL DEFAULT '0',
  PRIMARY KEY (`id`)
) ENGINE=InnoDB  DEFAULT CHARSET=utf8 AUTO_INCREMENT=10 ;

--
-- è½¬å­˜è¡¨ä¸­çš„æ•°æ® `theme`
--

INSERT INTO `theme` (`id`, `theme_name`, `like_num`, `create_time`, `mark_num`) VALUES
(1, 'æ–‡çŒ®æ£€ç´¢', 0, '2015-12-07 12:12:49', 3),
(2, 'CV::è¡Œäººæ£€æµ‹', 0, '2015-12-07 12:12:49', 8),
(3, 'CV::è·¯é¢æ£€æµ‹', 0, '2015-12-08 03:48:23', 1),
(4, 'ç«™é•¿å·¥å…·ç®±', 0, '2015-12-08 08:50:52', 2),
(5, 'OOå¤§ä½œä¸šå¼€å‘å¿…è¯»', 0, '2015-12-08 09:04:17', 1),
(6, 'å›¾åƒå¤„ç†', 0, '2015-12-08 11:06:36', 0),
(7, 'æœåŠ¡å™¨é…ç½®', 0, '2015-12-08 12:21:50', 1),
(8, 'æ„è§åé¦ˆ', 0, '2015-12-08 13:09:23', 1),
(9, 'è§†é¢‘ç¼–ç ', 0, '2015-12-12 04:54:40', 1);

--
-- é™åˆ¶å¯¼å‡ºçš„è¡¨
--

--
-- é™åˆ¶è¡¨ `auth_users_groups`
--
ALTER TABLE `auth_users_groups`
  ADD CONSTRAINT `fk_users_groups_groups1` FOREIGN KEY (`group_id`) REFERENCES `auth_groups` (`id`) ON DELETE CASCADE ON UPDATE NO ACTION,
  ADD CONSTRAINT `fk_users_groups_users1` FOREIGN KEY (`user_id`) REFERENCES `auth_users` (`id`) ON DELETE CASCADE ON UPDATE NO ACTION;

--
-- é™åˆ¶è¡¨ `mark`
--
ALTER TABLE `mark`
  ADD CONSTRAINT `mark_ibfk_1` FOREIGN KEY (`contributor`) REFERENCES `auth_users` (`id`);

/*!40101 SET CHARACTER_SET_CLIENT=@OLD_CHARACTER_SET_CLIENT */;
/*!40101 SET CHARACTER_SET_RESULTS=@OLD_CHARACTER_SET_RESULTS */;
/*!40101 SET COLLATION_CONNECTION=@OLD_COLLATION_CONNECTION */;
